{"id":"CASE_MODEL-1d5d9c61-0984-4265-be2f-4c586595b112","name":"Customer Event Case","key":"customerEventCase","description":"","tenantId":"default","editorJson":{"resourceId":"editor_CASE_MODEL-1d5d9c61-0984-4265-be2f-4c586595b112","stencil":{"id":"CASEDiagram"},"pathProperties":{},"pathMappingProperties":{},"xmlProperties":["casesequence","casesequence-run","casesequencevariablename","casesequencevariablename-run","caseinstancename","caseinstancename_en_us","caseinstancename_en_us-run","caseinstancename_it_it","caseinstancename_it_it-run","caseinstancename_es_es","caseinstancename_es_es-run","caseinstancename_fr_fr","caseinstancename_fr_fr-run","caseinstancename_de_de","caseinstancename_de_de-run","caseinstancename-run","caseinstancename_i18n-key","caseinstancebusinessstatus","caseinstancebusinessstatus-run","caseinstancebusinesskey","caseinstancebusinesskey-run"],"childShapes":[{"resourceId":"onecaseplanmodel1","stencil":{"id":"CasePlanModel"},"pathProperties":{},"pathMappingProperties":{},"xmlProperties":["planitemlifecyclelisteners","autocomplete","autocomplete-run"],"childShapes":[{"resourceId":"humanTask1","stencil":{"id":"Task"},"pathProperties":{},"pathMappingProperties":{},"xmlProperties":["planitemlifecyclelisteners","repetitionvariableaggregation","exposetoobjectitems","exposeasmessageitems","exposehumantaskasmessageitems","exposehumantasktoobjectitems"],"childShapes":[],"bounds":{"lowerRight":{"x":491,"y":156},"upperLeft":{"x":391,"y":76}},"specialproperties":{"startformreference":{"type":"treeview"},"form_entry":{"type":"treeview"},"securitypolicy":{"type":"treeview"}},"outputmappingproperties":{"planitemlifecyclelisteners":{"type":"complex","placeholders":[]},"repetitionvariableaggregation":{"type":"formlist","placeholders":[]},"exposetoobjectitems":{"type":"complex","placeholders":[]},"exposeasmessageitems":{"type":"complex","placeholders":[]},"exposehumantaskasmessageitems":{"type":"complex","placeholders":[]},"exposehumantasktoobjectitems":{"type":"complex","placeholders":[]},"taskinputmappings":{"type":"complex","placeholders":[]},"tasklistener":{"type":"complex","placeholders":[]}},"properties":{"stencilid":"HumanTask","stencilsuperid":"Task","stencilsuperids":["Task"],"customstencil":false,"bordercolor":"#000000","notes":"","planitemlifecyclelisteners":"","required":false,"required-run":"","repetition":true,"repetition-run":"","repetitioncountervariablename":"repetitionCounter","maxinstancecount":"unlimited","collectionvariable":"","elementvariable":"","elementindexvariable":"","repetitionvariableaggregation":"","manualactivation":false,"manualactivation-run":"","startformreference":"","startformsamedeployment":true,"startformfieldvalidation":false,"formfieldvalidation-run":"","manualactivationpermissiongroups":"","manualactivationpermissiongroups-run":"","manualactivationname":"","manualactivationname_en_us":"","manualactivationname_en_us-run":"","manualactivationname_it_it":"","manualactivationname_it_it-run":"","manualactivationname_es_es":"","manualactivationname_es_es-run":"","manualactivationname_fr_fr":"","manualactivationname_fr_fr-run":"","manualactivationname_de_de":"","manualactivationname_de_de-run":"","manualactivationname-run":"","manualactivationname_i18n-key":"","manualactivationchannels":"","manualactivationchannels-run":"","manualactivationpriority":"","manualactivationpriority-run":"","completionneutral":false,"completionneutral-run":"","impactparentcompletion":"default","bgcolor":"#ffffff","isblocking":true,"isblocking-run":"","id":"humanTask1","name":"Human task","name_en_us":"Human task","name_it_it":"","name_es_es":"","name_fr_fr":"","name_de_de":"","name_i18n-key":"","description":"","fontsize":"12","fontweight":"normal","fontstyle":"normal","fontcolor":"#000000","async":false,"exclusive":true,"itemdirectactivationcondition":"","itemdirectactivationcondition-run":"","itemignoreactivationcondition":"","itemignoreactivationcondition-run":"","itemdefaultactivationcondition":"","itemdefaultactivationcondition-run":"","exposetoobjectitems":"","exposeasmessageitems":"","exposehumantaskasmessageitems":"","exposehumantasktoobjectitems":"","customcaseviewheadersize":"","customcaseviewheadersize-run":"","availablestaterendering":"readOnly","activestaterendering":"fullAccess","completedstaterendering":"hidden","terminatedstaterendering":"hidden","owner":"","owner-run":"","assignee":"","assignee-run":"${initiator}","candidateusers":"","candidateusers-run":"","candidategroups":"","candidategroups-run":"","participantusers":"","participantusers-run":"","participantgroups":"","participantgroups-run":"","watcherusers":"","watcherusers-run":"","watchergroups":"","watchergroups-run":"","isdiscretionary":false,"applicabilityrule":"","tasktype":"human","name_en_us-run":"Human task","name_it_it-run":"","name_es_es-run":"","name_fr_fr-run":"","name_de_de-run":"","name-run":"Human task","form_entry":{"id":"FORM_MODEL-670ef2ea-12fa-4073-9e09-3c68ef0f6c76","key":"customerTaskForm"},"samedeployment":true,"formfieldvalidation":false,"taskidvariablename":"","securitypolicy":"","priority":"","duedate":"","taskinputmappingtype":"allowed","taskinputmappings":"","tasklistener":"","customfolderpath":"","categorydefinition":"","candidatestype":"all","exposetocaseview":"","elementlabel":"","elementlabel_en_us":"","elementlabel_it_it":"","elementlabel_es_es":"","elementlabel_fr_fr":"","elementlabel_de_de":"","elementlabel_i18n-key":"","elementicon":"","elementindex":""},"ssextensions":[],"outgoing":[{"resourceId":"entryCriterion1"}],"dockers":[],"labels":[{"styles":{"fill":"#000000","size":"12","italic":false,"bold":false},"ref":"text_name"}]},{"resourceId":"entryCriterion1","stencil":{"id":"EntryCriterion"},"pathProperties":{},"pathMappingProperties":{},"xmlProperties":[],"childShapes":[],"bounds":{"lowerRight":{"x":400,"y":130},"upperLeft":{"x":382,"y":102}},"properties":{"stencilid":"EntryCriterion","stencilsuperid":"EntryCriterion","stencilsuperids":["EntryCriterion"],"customstencil":false,"fontsize":"12","notes":"","fontweight":"normal","fontstyle":"normal","fontcolor":"#000000","id":"entryCriterion1","name":"","name_en_us":"","name_it_it":"","name_es_es":"","name_fr_fr":"","name_de_de":"","name_i18n-key":"","description":"","condition":"","triggermode":"deferred"},"ssextensions":[],"outgoing":[],"dockers":[{"x":8,"y":40}]},{"resourceId":"eventListener1","stencil":{"id":"EventListener"},"pathProperties":{},"pathMappingProperties":{},"xmlProperties":["repetitionvariableaggregation","planitemlifecyclelisteners"],"childShapes":[],"bounds":{"lowerRight":{"x":135,"y":131},"upperLeft":{"x":105,"y":101}},"specialproperties":{"startformreference":{"type":"treeview"},"inboundchannelreference":{"type":"treeview","placeholder":"inboundchannelkey"}},"outputmappingproperties":{"repetitionvariableaggregation":{"type":"formlist","placeholders":[]},"planitemlifecyclelisteners":{"type":"complex","placeholders":[]}},"properties":{"stencilid":"EventListener","stencilsuperid":"EventListener","stencilsuperids":["EventListener"],"customstencil":false,"bordercolor":"#000000","notes":"","required":false,"required-run":"","repetition":true,"repetition-run":"","repetitioncountervariablename":"repetitionCounter","maxinstancecount":"unlimited","collectionvariable":"","elementvariable":"","elementindexvariable":"","repetitionvariableaggregation":"","manualactivation":"","startformreference":"","startformsamedeployment":true,"startformfieldvalidation":false,"formfieldvalidation-run":"","manualactivationpermissiongroups":"","manualactivationpermissiongroups-run":"","manualactivationname":"","manualactivationname_en_us":"","manualactivationname_en_us-run":"","manualactivationname_it_it":"","manualactivationname_it_it-run":"","manualactivationname_es_es":"","manualactivationname_es_es-run":"","manualactivationname_fr_fr":"","manualactivationname_fr_fr-run":"","manualactivationname_de_de":"","manualactivationname_de_de-run":"","manualactivationname-run":"","manualactivationname_i18n-key":"","manualactivationchannels":"","manualactivationchannels-run":"","manualactivationpriority":"","manualactivationpriority-run":"","completionneutral":false,"completionneutral-run":"","impactparentcompletion":"default","planitemlifecyclelisteners":"","bgcolor":"#ffffff","id":"eventListener1","name":"Customer Event Received","name_en_us":"Customer Event Received","name_it_it":"","name_es_es":"","name_fr_fr":"","name_de_de":"","name_i18n-key":"","description":"","fontsize":"12","fontweight":"normal","fontstyle":"normal","fontcolor":"#000000","availablecondition":"","availablecondition-run":"","itemdirectactivationcondition":"","itemdirectactivationcondition-run":"","itemignoreactivationcondition":"","itemignoreactivationcondition-run":"","itemdefaultactivationcondition":"","itemdefaultactivationcondition-run":"","type":"","type-run":"","inboundeventconfiguration":{"eventreference":"EVENT_MODEL-8e2a4031-edaa-4d7f-80a7-867bffc19448","key":"customerEvent","correlationParameters":[],"outParameters":[{"name":"id","target":"","transient":false,"value":"customerId"},{"name":"name","target":"","transient":false,"value":"customerName"},{"name":"description","target":"","transient":false,"value":"customerDescription"},{"name":"active","target":"","transient":false,"value":"customerActive"}],"inParameters":[{"name":"id","target":""},{"name":"name","target":""},{"name":"description","target":""},{"name":"active","target":""}]},"inboundchannelreference":{"id":"CHANNEL_MODEL-8eec0f31-ea18-438b-8a38-a540a4b9dcd9","key":"kafkaInboundChannel"},"inboundchannelkey":""},"ssextensions":[],"outgoing":[{"resourceId":"connector1"}],"dockers":[{"x":120,"y":116}],"labels":[{"styles":{"fill":"#000000","size":"12","italic":false,"bold":false},"ref":"text_name"}]}],"bounds":{"lowerRight":{"x":615,"y":465},"upperLeft":{"x":30,"y":45}},"specialproperties":{"formreference":{"type":"treeview"},"workformreference":{"type":"treeview"},"inboundchannelreference":{"type":"treeview","placeholder":"inboundchannelkey"}},"outputmappingproperties":{"planitemlifecyclelisteners":{"type":"complex","placeholders":[]},"workforminputmappings":{"type":"complex","placeholders":[]}},"properties":{"stencilid":"CasePlanModel","stencilsuperid":"CasePlanModel","stencilsuperids":["CasePlanModel"],"customstencil":false,"bordercolor":"#000000","notes":"","planitemlifecyclelisteners":"","bgcolor":"#ffffff","id":"onecaseplanmodel1","name":"Case plan model","name_en_us":"Case plan model","name_it_it":"","name_es_es":"","name_fr_fr":"","name_de_de":"","name_i18n-key":"","description":"","fontsize":"12","fontweight":"normal","fontstyle":"normal","fontcolor":"#000000","autocomplete":false,"autocomplete-run":"","formreference":"","samedeployment":true,"formfieldvalidation":false,"formfieldvalidation-run":"","workformreference":"","workformsamedeployment":true,"workformfieldvalidation":false,"workformfieldvalidation-run":"","workforminputmappingtype":"allowed","workforminputmappings":"","inboundstarteventconfiguration":"","inboundchannelreference":"","inboundchannelkey":""},"ssextensions":[],"outgoing":[],"dockers":[],"labels":[{"styles":{"fill":"#000000","size":"12","italic":false,"bold":false},"ref":"text_name"}]},{"resourceId":"connector1","stencil":{"id":"Connector"},"pathProperties":{},"pathMappingProperties":{},"xmlProperties":[],"childShapes":[],"bounds":{"lowerRight":{"x":411,"y":161},"upperLeft":{"x":165,"y":161}},"properties":{"stencilid":"Connector","stencilsuperid":"Connector","stencilsuperids":["Connector"],"customstencil":false,"bordercolor":"#000000","notes":"","id":"connector1","name":"occur","name_en_us":"occur","name_it_it":"occur","name_es_es":"occur","name_fr_fr":"occur","name_de_de":"occur","name_i18n-key":"","description":"","fontsize":"12","fontweight":"normal","fontstyle":"normal","fontcolor":"#000000","standardevent":"occur","display_ref_in_diagram":true},"ssextensions":[],"outgoing":[{"resourceId":"entryCriterion1"}],"dockers":[{"x":15,"y":15},{"x":9,"y":14}],"labels":[{"styles":{"fill":"#000000","size":"12","italic":false,"bold":false},"ref":"text_name"}],"target":{"resourceId":"entryCriterion1"}}],"bounds":{"lowerRight":{"x":1485,"y":1050},"upperLeft":{"x":0,"y":0}},"specialproperties":{"casesequence":{"type":"treeview"},"securitypolicy":{"type":"treeview"}},"outputmappingproperties":{"customcaseviewelements":{"type":"formlist","placeholders":[]},"modelstatuselements":{"type":"formlist","placeholders":[]},"namespaces":{"type":"complex","placeholders":[]}},"properties":{"stencilid":"CASEDiagram","stencilsuperid":"CASEDiagram","stencilsuperids":["CASEDiagram"],"customstencil":false,"owner":"","owner-run":"","notes":"","assignee":"","assignee-run":"","participantusers":"","participantusers-run":"","participantgroups":"","participantgroups-run":"","watcherusers":"","watcherusers-run":"","watchergroups":"","watchergroups-run":"","customcaseviewelements":"","defaultmenunavigationsize":"expanded","customcaseviewheadersize":"","customcaseviewheadersize-run":"","modelstatuselements":"","async":false,"exclusive":"","id":"customerEventCase","name":"Customer Event Case","name_en_us":"","name_it_it":"","name_es_es":"","name_fr_fr":"","name_de_de":"","name_i18n-key":"","description":"","fontsize":"12","fontweight":"normal","fontstyle":"normal","fontcolor":"#000000","labelexpression":"","creationdate":"2022-03-10T11:18:45.992Z","modificationdate":"2022-03-10T14:14:53.007Z","casesequence":"","casesequence-run":"","casesequencevariablename":"","casesequencevariablename-run":"","caseinstancename":"","caseinstancename_en_us":"","caseinstancename_en_us-run":"","caseinstancename_it_it":"","caseinstancename_it_it-run":"","caseinstancename_es_es":"","caseinstancename_es_es-run":"","caseinstancename_fr_fr":"","caseinstancename_fr_fr-run":"","caseinstancename_de_de":"","caseinstancename_de_de-run":"","caseinstancename-run":"","caseinstancename_i18n-key":"","caseinstancebusinessstatus":"","caseinstancebusinessstatus-run":"","caseinstancebusinesskey":"","caseinstancebusinesskey-run":"","securitypolicy":"","customfolderpath":"","case_potentialstarteruser":"","case_potentialstarteruser-run":"","case_potentialstartergroup":"flowableUser","case_potentialstartergroup-run":"","do-not-inherit-start-user-as-owner":"","do-not-inherit-start-user-as-assignee":"","version":"","author":"","case_initiatorvariablename":"initiator","case_namespace":"","namespaces":""},"ssextensions":[],"stencilset":{"url":"./app/editor_stencilset","paletteKey":"flowable-case-palette","namespace":"http://b3mn.org/stencilset/case1.0#"}}}