{"id":"APP_MODEL-597026a6-a0a7-4e6f-9cf3-ac9b4aef74a4","name":"Customer Event App","key":"customerEventApp","description":"","editorJson":{"models":[{"id":"PROCESS_MODEL-f81415b2-86ab-45a5-808b-c4180e587062","name":"Customer Process","version":7,"modelType":0,"description":"","createdBy":"admin","lastUpdatedBy":"admin","lastUpdated":"2022-03-14T13:25:59.762+00:00","key":"customerProcess","tenantId":"default","tags":[]}],"cmmnModels":[{"id":"CASE_MODEL-1d5d9c61-0984-4265-be2f-4c586595b112","name":"Customer Event Case","version":15,"modelType":5,"description":"","createdBy":"admin","lastUpdatedBy":"admin","lastUpdated":"2022-03-10T14:14:53.007+00:00","key":"customerEventCase","tenantId":"default","tags":[]}],"workModels":[{"id":"EVENT_MODEL-8e2a4031-edaa-4d7f-80a7-867bffc19448","name":"Customer Event","version":5,"modelType":17,"createdBy":"admin","lastUpdatedBy":"admin","lastUpdated":"2022-03-10T13:37:37.815+00:00","key":"customerEvent","tenantId":"default","tags":[]}],"theme":"theme-1","icon":"glyphicon-asterisk","flowApp":false,"i18n":{}}}