{"id":"DATA_OBJECT_MODEL-6c0c9ada-8017-49a1-bd4e-7548d0db3f67","name":"Employee Event Model","key":"employeeEventModel","description":null,"tenantId":"default","editorJson":{"fieldMappings":[{"label":"ID","name":"id","type":"STRING","lookupId":true},{"label":"Employee Name","name":"employeeName","type":"STRING","lookupId":false,"description":""},{"label":"Employee salary","name":"employeeSalary","type":"INT","lookupId":false,"description":""},{"label":"Employee Id","name":"employeeId","type":"STRING","lookupId":false,"description":""}],"dataObjectType":"serviceRegistryDataObject","sourceId":"flowableServiceRegistryDataSource","definitionIdentityLinks":{"queryInstances":{"groups":["flowableUser"]},"createInstances":{"groups":["flowableUser"]},"deleteInstances":{"groups":["flowableUser"]},"updateInstances":{"groups":["flowableUser"]}},"instanceIdentityLinks":[{"type":"owner","groups":["flowableUser"]},{"type":"watcher","groups":["flowableUser"]}],"referencedServiceDefinitionModelKey":"employeeEventDataSource1"}}