{"id":"CASE_MODEL-91bf8ec1-43f8-4382-93c0-1b9de991d912","name":"Employee Event Case","key":"employeeEventCase","description":"","tenantId":"default","editorJson":{"resourceId":"editor_CASE_MODEL-91bf8ec1-43f8-4382-93c0-1b9de991d912","stencil":{"id":"CASEDiagram"},"pathProperties":{},"pathMappingProperties":{},"xmlProperties":["casesequence","casesequence-run","casesequencevariablename","casesequencevariablename-run","caseinstancename","caseinstancename_en_us","caseinstancename_en_us-run","caseinstancename_it_it","caseinstancename_it_it-run","caseinstancename_es_es","caseinstancename_es_es-run","caseinstancename_fr_fr","caseinstancename_fr_fr-run","caseinstancename_de_de","caseinstancename_de_de-run","caseinstancename-run","caseinstancename_i18n-key","caseinstancebusinessstatus","caseinstancebusinessstatus-run","caseinstancebusinesskey","caseinstancebusinesskey-run"],"childShapes":[{"resourceId":"onecaseplanmodel1","stencil":{"id":"CasePlanModel"},"pathProperties":{},"pathMappingProperties":{},"xmlProperties":["planitemlifecyclelisteners","autocomplete","autocomplete-run"],"childShapes":[{"resourceId":"humanTask1","stencil":{"id":"Task"},"pathProperties":{},"pathMappingProperties":{},"xmlProperties":["planitemlifecyclelisteners","repetitionvariableaggregation","exposetoobjectitems","exposeasmessageitems","exposehumantaskasmessageitems","exposehumantasktoobjectitems"],"childShapes":[],"bounds":{"lowerRight":{"x":295,"y":245},"upperLeft":{"x":195,"y":165}},"specialproperties":{"startformreference":{"type":"treeview"},"form_entry":{"type":"treeview"},"securitypolicy":{"type":"treeview"}},"outputmappingproperties":{"planitemlifecyclelisteners":{"type":"complex","placeholders":[]},"repetitionvariableaggregation":{"type":"formlist","placeholders":[]},"exposetoobjectitems":{"type":"complex","placeholders":[]},"exposeasmessageitems":{"type":"complex","placeholders":[]},"exposehumantaskasmessageitems":{"type":"complex","placeholders":[]},"exposehumantasktoobjectitems":{"type":"complex","placeholders":[]},"taskinputmappings":{"type":"complex","placeholders":[]},"tasklistener":{"type":"complex","placeholders":[]}},"properties":{"stencilid":"HumanTask","stencilsuperid":"Task","stencilsuperids":["Task"],"customstencil":false,"bordercolor":"#000000","notes":"","planitemlifecyclelisteners":"","required":false,"required-run":"","repetition":false,"repetition-run":"","repetitioncountervariablename":"repetitionCounter","maxinstancecount":"unlimited","collectionvariable":"","elementvariable":"","elementindexvariable":"","repetitionvariableaggregation":"","manualactivation":false,"manualactivation-run":"","startformreference":"","startformsamedeployment":true,"startformfieldvalidation":false,"formfieldvalidation-run":"","manualactivationpermissiongroups":"","manualactivationpermissiongroups-run":"","manualactivationname":"","manualactivationname_en_us":"","manualactivationname_en_us-run":"","manualactivationname_it_it":"","manualactivationname_it_it-run":"","manualactivationname_es_es":"","manualactivationname_es_es-run":"","manualactivationname_fr_fr":"","manualactivationname_fr_fr-run":"","manualactivationname_de_de":"","manualactivationname_de_de-run":"","manualactivationname-run":"","manualactivationname_i18n-key":"","manualactivationchannels":"","manualactivationchannels-run":"","manualactivationpriority":"","manualactivationpriority-run":"","completionneutral":false,"completionneutral-run":"","impactparentcompletion":"default","bgcolor":"#ffffff","isblocking":true,"isblocking-run":"","id":"humanTask1","name":"Show Employee Details","name_en_us":"Show Employee Details","name_it_it":"","name_es_es":"","name_fr_fr":"","name_de_de":"","name_i18n-key":"","description":"","fontsize":"12","fontweight":"normal","fontstyle":"normal","fontcolor":"#000000","async":false,"exclusive":true,"itemdirectactivationcondition":"","itemdirectactivationcondition-run":"","itemignoreactivationcondition":"","itemignoreactivationcondition-run":"","itemdefaultactivationcondition":"","itemdefaultactivationcondition-run":"","exposetoobjectitems":"","exposeasmessageitems":"","exposehumantaskasmessageitems":"","exposehumantasktoobjectitems":"","customcaseviewheadersize":"","customcaseviewheadersize-run":"","availablestaterendering":"readOnly","activestaterendering":"fullAccess","completedstaterendering":"hidden","terminatedstaterendering":"hidden","owner":"","owner-run":"","assignee":"","assignee-run":"${initiator}","candidateusers":"","candidateusers-run":"","candidategroups":"","candidategroups-run":"","participantusers":"","participantusers-run":"","participantgroups":"","participantgroups-run":"","watcherusers":"","watcherusers-run":"","watchergroups":"","watchergroups-run":"","isdiscretionary":false,"applicabilityrule":"","tasktype":"human","name_en_us-run":"Show Employee Detail","name_it_it-run":"","name_es_es-run":"","name_fr_fr-run":"","name_de_de-run":"","name-run":"Show Employee Detail","form_entry":{"id":"FORM_MODEL-d1da29bd-981f-4f8d-b39c-cc5e9f2bb56a","key":"showEmployeeDeatils"},"samedeployment":true,"formfieldvalidation":false,"taskidvariablename":"","securitypolicy":"","priority":"","duedate":"","taskinputmappingtype":"allowed","taskinputmappings":"","tasklistener":"","customfolderpath":"","categorydefinition":"","candidatestype":"all","exposetocaseview":"","elementlabel":"","elementlabel_en_us":"","elementlabel_it_it":"","elementlabel_es_es":"","elementlabel_fr_fr":"","elementlabel_de_de":"","elementlabel_i18n-key":"","elementicon":"","elementindex":""},"ssextensions":[],"outgoing":[{"resourceId":"connector2"},{"resourceId":"entryCriterion3"}],"dockers":[],"labels":[{"styles":{"fill":"#000000","size":"12","italic":false,"bold":false},"ref":"text_name"}]},{"resourceId":"dataObjectCreateTask1","stencil":{"id":"Task"},"pathProperties":{},"pathMappingProperties":{},"xmlProperties":["planitemlifecyclelisteners","repetitionvariableaggregation","outputvariablename","storedetached","storeoutputvariableastransient","inputdataobjectvariablename"],"childShapes":[],"bounds":{"lowerRight":{"x":506,"y":245},"upperLeft":{"x":406,"y":165}},"specialproperties":{"startformreference":{"type":"treeview"}},"outputmappingproperties":{"planitemlifecyclelisteners":{"type":"complex","placeholders":[]},"repetitionvariableaggregation":{"type":"formlist","placeholders":[]},"classfields":{"type":"complex","placeholders":[]}},"properties":{"stencilid":"DataObjectCreateTask","stencilsuperid":"ServiceTask","stencilsuperids":["Task","ServiceTask"],"customstencil":false,"bordercolor":"#000000","notes":"","planitemlifecyclelisteners":"","required":false,"required-run":"","repetition":false,"repetition-run":"","repetitioncountervariablename":"repetitionCounter","maxinstancecount":"unlimited","collectionvariable":"","elementvariable":"","elementindexvariable":"","repetitionvariableaggregation":"","manualactivation":false,"manualactivation-run":"","startformreference":"","startformsamedeployment":true,"startformfieldvalidation":false,"formfieldvalidation-run":"","manualactivationpermissiongroups":"","manualactivationpermissiongroups-run":"","manualactivationname":"","manualactivationname_en_us":"","manualactivationname_en_us-run":"","manualactivationname_it_it":"","manualactivationname_it_it-run":"","manualactivationname_es_es":"","manualactivationname_es_es-run":"","manualactivationname_fr_fr":"","manualactivationname_fr_fr-run":"","manualactivationname_de_de":"","manualactivationname_de_de-run":"","manualactivationname-run":"","manualactivationname_i18n-key":"","manualactivationchannels":"","manualactivationchannels-run":"","manualactivationpriority":"","manualactivationpriority-run":"","completionneutral":false,"completionneutral-run":"","impactparentcompletion":"default","bgcolor":"#ffffff","isblocking":true,"isblocking-run":"","id":"dataObjectCreateTask1","name":"Data object create","name_en_us":"Data object create","name_it_it":"","name_es_es":"","name_fr_fr":"","name_de_de":"","name_i18n-key":"","description":"","fontsize":"12","fontweight":"normal","fontstyle":"normal","fontcolor":"#000000","async":false,"exclusive":true,"itemdirectactivationcondition":"","itemdirectactivationcondition-run":"","itemignoreactivationcondition":"","itemignoreactivationcondition-run":"","itemdefaultactivationcondition":"","itemdefaultactivationcondition-run":"","isdiscretionary":false,"applicabilityrule":"","tasktype":"Service","expression":"","resultvariable":"","servicetaskstoreresultvariabletransient":"","class":"","classfields":"","delegateexpression":"${dataObjectServiceTask}","overwrite":"","createdataobjectconfiguration":{"dataObjectreference":"DATA_OBJECT_MODEL-6c0c9ada-8017-49a1-bd4e-7548d0db3f67","key":"employeeEventModel","operationType":"create","lookupIdName":"id","operationKey":"create","inputParameters":[{"name":"id","value":""},{"name":"employeeName","value":"${empName}"},{"name":"employeeSalary","value":"${empSalary}"},{"name":"employeeId","value":"${empId}"}]},"outputvariablename":"employee","storedetached":"","storeoutputvariableastransient":"","inputdataobjectvariablename":"","servicetasktriggerable":"","servicetaskuselocalscopeforresultvariable":""},"ssextensions":[],"outgoing":[{"resourceId":"entryCriterion2"}],"dockers":[],"labels":[{"styles":{"fill":"#000000","size":"12","italic":false,"bold":false},"ref":"text_name"}]},{"resourceId":"eventListener1","stencil":{"id":"EventListener"},"pathProperties":{},"pathMappingProperties":{},"xmlProperties":["repetitionvariableaggregation","planitemlifecyclelisteners"],"childShapes":[],"bounds":{"lowerRight":{"x":105,"y":220},"upperLeft":{"x":75,"y":190}},"specialproperties":{"startformreference":{"type":"treeview"},"inboundchannelreference":{"type":"treeview","placeholder":"inboundchannelkey"}},"outputmappingproperties":{"repetitionvariableaggregation":{"type":"formlist","placeholders":[]},"planitemlifecyclelisteners":{"type":"complex","placeholders":[]}},"properties":{"stencilid":"EventListener","stencilsuperid":"EventListener","stencilsuperids":["EventListener"],"customstencil":false,"bordercolor":"#000000","notes":"","required":false,"required-run":"","repetition":false,"repetition-run":"","repetitioncountervariablename":"repetitionCounter","maxinstancecount":"unlimited","collectionvariable":"","elementvariable":"","elementindexvariable":"","repetitionvariableaggregation":"","manualactivation":"","startformreference":"","startformsamedeployment":true,"startformfieldvalidation":false,"formfieldvalidation-run":"","manualactivationpermissiongroups":"","manualactivationpermissiongroups-run":"","manualactivationname":"","manualactivationname_en_us":"","manualactivationname_en_us-run":"","manualactivationname_it_it":"","manualactivationname_it_it-run":"","manualactivationname_es_es":"","manualactivationname_es_es-run":"","manualactivationname_fr_fr":"","manualactivationname_fr_fr-run":"","manualactivationname_de_de":"","manualactivationname_de_de-run":"","manualactivationname-run":"","manualactivationname_i18n-key":"","manualactivationchannels":"","manualactivationchannels-run":"","manualactivationpriority":"","manualactivationpriority-run":"","completionneutral":false,"completionneutral-run":"","impactparentcompletion":"default","planitemlifecyclelisteners":"","bgcolor":"#ffffff","id":"eventListener1","name":"","name_en_us":"","name_it_it":"","name_es_es":"","name_fr_fr":"","name_de_de":"","name_i18n-key":"","description":"","fontsize":"12","fontweight":"normal","fontstyle":"normal","fontcolor":"#000000","availablecondition":"","availablecondition-run":"","itemdirectactivationcondition":"","itemdirectactivationcondition-run":"","itemignoreactivationcondition":"","itemignoreactivationcondition-run":"","itemdefaultactivationcondition":"","itemdefaultactivationcondition-run":"","type":"","type-run":"","inboundeventconfiguration":{"eventreference":"EVENT_MODEL-c23f583f-c49e-4553-8df8-a98a8f9fbb1b","key":"employeeEvent","correlationParameters":[{"name":"id","target":""}],"outParameters":[{"name":"id","target":"","transient":false,"value":"empId"},{"name":"name","target":"","transient":false,"value":"empName"},{"name":"salary","target":"","transient":false,"value":"empSalary"}],"inParameters":[{"name":"id","target":""},{"name":"name","target":""},{"name":"salary","target":""}]},"inboundchannelreference":{"id":"CHANNEL_MODEL-85da8094-52fb-4c18-9d13-0558e7dd2033","key":"employeeInboundChannel"},"inboundchannelkey":""},"ssextensions":[],"outgoing":[{"resourceId":"connector1"}],"dockers":[{"x":90,"y":205}],"labels":[{"styles":{"fill":"#000000","size":"12","italic":false,"bold":false},"ref":"text_name"}]},{"resourceId":"entryCriterion3","stencil":{"id":"EntryCriterion"},"pathProperties":{},"pathMappingProperties":{},"xmlProperties":[],"childShapes":[],"bounds":{"lowerRight":{"x":204,"y":219},"upperLeft":{"x":186,"y":191}},"properties":{"stencilid":"EntryCriterion","stencilsuperid":"EntryCriterion","stencilsuperids":["EntryCriterion"],"customstencil":false,"fontsize":"12","notes":"","fontweight":"normal","fontstyle":"normal","fontcolor":"#000000","id":"entryCriterion3","name":"","name_en_us":"","name_it_it":"","name_es_es":"","name_fr_fr":"","name_de_de":"","name_i18n-key":"","description":"","condition":"","triggermode":"deferred"},"ssextensions":[],"outgoing":[],"dockers":[{"x":9,"y":40}]},{"resourceId":"entryCriterion2","stencil":{"id":"EntryCriterion"},"pathProperties":{},"pathMappingProperties":{},"xmlProperties":[],"childShapes":[],"bounds":{"lowerRight":{"x":415,"y":219},"upperLeft":{"x":397,"y":191}},"properties":{"stencilid":"EntryCriterion","stencilsuperid":"EntryCriterion","stencilsuperids":["EntryCriterion"],"customstencil":false,"fontsize":"12","notes":"","fontweight":"normal","fontstyle":"normal","fontcolor":"#000000","id":"entryCriterion2","name":"","name_en_us":"","name_it_it":"","name_es_es":"","name_fr_fr":"","name_de_de":"","name_i18n-key":"","description":"","condition":"","triggermode":"deferred"},"ssextensions":[],"outgoing":[],"dockers":[{"x":8,"y":40}]}],"bounds":{"lowerRight":{"x":788,"y":799},"upperLeft":{"x":30,"y":45}},"specialproperties":{"formreference":{"type":"treeview"},"workformreference":{"type":"treeview"},"inboundchannelreference":{"type":"treeview","placeholder":"inboundchannelkey"}},"outputmappingproperties":{"planitemlifecyclelisteners":{"type":"complex","placeholders":[]},"workforminputmappings":{"type":"complex","placeholders":[]}},"properties":{"stencilid":"CasePlanModel","stencilsuperid":"CasePlanModel","stencilsuperids":["CasePlanModel"],"customstencil":false,"bordercolor":"#000000","notes":"","planitemlifecyclelisteners":"","bgcolor":"#ffffff","id":"onecaseplanmodel1","name":"Case plan model","name_en_us":"Case plan model","name_it_it":"","name_es_es":"","name_fr_fr":"","name_de_de":"","name_i18n-key":"","description":"","fontsize":"12","fontweight":"normal","fontstyle":"normal","fontcolor":"#000000","autocomplete":false,"autocomplete-run":"","formreference":"","samedeployment":true,"formfieldvalidation":false,"formfieldvalidation-run":"","workformreference":"","workformsamedeployment":true,"workformfieldvalidation":false,"workformfieldvalidation-run":"","workforminputmappingtype":"allowed","workforminputmappings":"","inboundstarteventconfiguration":"","inboundchannelreference":"","inboundchannelkey":""},"ssextensions":[],"outgoing":[],"dockers":[],"labels":[{"styles":{"fill":"#000000","size":"12","italic":false,"bold":false},"ref":"text_name"}]},{"resourceId":"connector2","stencil":{"id":"Connector"},"pathProperties":{},"pathMappingProperties":{},"xmlProperties":[],"childShapes":[],"bounds":{"lowerRight":{"x":426,"y":250},"upperLeft":{"x":325,"y":250}},"properties":{"stencilsuperid":"Connector","stencilsuperids":["Connector"],"customstencil":false,"bordercolor":"#000000","notes":"","id":"connector2","name":"complete","name_en_us":"complete","name_it_it":"complete","name_es_es":"complete","name_fr_fr":"complete","name_de_de":"complete","name_i18n-key":"","description":"","fontsize":"12","fontweight":"normal","fontstyle":"normal","fontcolor":"#000000","standardevent":"complete","display_ref_in_diagram":true},"ssextensions":[],"outgoing":[{"resourceId":"entryCriterion2"}],"dockers":[{"x":50,"y":40},{"x":380.5,"y":250},{"x":380.5,"y":250},{"x":9,"y":14}],"labels":[{"styles":{"fill":"#000000","size":"12","italic":false,"bold":false},"ref":"text_name"}],"target":{"resourceId":"entryCriterion2"}},{"resourceId":"connector1","stencil":{"id":"Connector"},"pathProperties":{},"pathMappingProperties":{},"xmlProperties":[],"childShapes":[],"bounds":{"lowerRight":{"x":215,"y":250},"upperLeft":{"x":135,"y":250}},"properties":{"stencilsuperid":"Connector","stencilsuperids":["Connector"],"customstencil":false,"bordercolor":"#000000","notes":"","id":"connector1","name":"occur","name_en_us":"occur","name_it_it":"occur","name_es_es":"occur","name_fr_fr":"occur","name_de_de":"occur","name_i18n-key":"","description":"","fontsize":"12","fontweight":"normal","fontstyle":"normal","fontcolor":"#000000","standardevent":"occur","display_ref_in_diagram":true},"ssextensions":[],"outgoing":[{"resourceId":"entryCriterion3"}],"dockers":[{"x":15,"y":15},{"x":9,"y":14}],"labels":[{"styles":{"fill":"#000000","size":"12","italic":false,"bold":false},"ref":"text_name"}],"target":{"resourceId":"entryCriterion3"}}],"bounds":{"lowerRight":{"x":1485,"y":1050},"upperLeft":{"x":0,"y":0}},"specialproperties":{"casesequence":{"type":"treeview"},"securitypolicy":{"type":"treeview"}},"outputmappingproperties":{"customcaseviewelements":{"type":"formlist","placeholders":[]},"modelstatuselements":{"type":"formlist","placeholders":[]},"namespaces":{"type":"complex","placeholders":[]}},"properties":{"stencilid":"CASEDiagram","stencilsuperid":"CASEDiagram","stencilsuperids":["CASEDiagram"],"customstencil":false,"owner":"","owner-run":"","notes":"","assignee":"","assignee-run":"","participantusers":"","participantusers-run":"","participantgroups":"","participantgroups-run":"","watcherusers":"","watcherusers-run":"","watchergroups":"","watchergroups-run":"","customcaseviewelements":"","defaultmenunavigationsize":"expanded","customcaseviewheadersize":"","customcaseviewheadersize-run":"","modelstatuselements":"","async":false,"exclusive":"","id":"employeeEventCase","name":"Employee Event Case","name_en_us":"","name_it_it":"","name_es_es":"","name_fr_fr":"","name_de_de":"","name_i18n-key":"","description":"","fontsize":"12","fontweight":"normal","fontstyle":"normal","fontcolor":"#000000","labelexpression":"","creationdate":"2022-03-10T14:23:59.519Z","modificationdate":"2022-03-11T07:47:30.089Z","casesequence":"","casesequence-run":"","casesequencevariablename":"","casesequencevariablename-run":"","caseinstancename":"","caseinstancename_en_us":"","caseinstancename_en_us-run":"","caseinstancename_it_it":"","caseinstancename_it_it-run":"","caseinstancename_es_es":"","caseinstancename_es_es-run":"","caseinstancename_fr_fr":"","caseinstancename_fr_fr-run":"","caseinstancename_de_de":"","caseinstancename_de_de-run":"","caseinstancename-run":"","caseinstancename_i18n-key":"","caseinstancebusinessstatus":"","caseinstancebusinessstatus-run":"","caseinstancebusinesskey":"","caseinstancebusinesskey-run":"","securitypolicy":"","customfolderpath":"","case_potentialstarteruser":"","case_potentialstarteruser-run":"","case_potentialstartergroup":"flowableUser","case_potentialstartergroup-run":"","do-not-inherit-start-user-as-owner":"","do-not-inherit-start-user-as-assignee":"","version":"","author":"","case_initiatorvariablename":"initiator","case_namespace":"","namespaces":""},"ssextensions":[],"stencilset":{"url":"./app/editor_stencilset","paletteKey":"flowable-case-palette","namespace":"http://b3mn.org/stencilset/case1.0#"}}}