{"id":"SERVICE_DEFINITION_MODEL-6482260d-5457-48fd-9c6b-4b5f4280d6dd","name":"Employee Event Data Source1","key":"employeeEventDataSource1","description":null,"tenantId":"default","editorJson":{"referenceKey":"employeeEventModel","type":"database","tableName":"EMPLOYEE","lookupIdAutoGenerated":true,"operations":[{"name":"Lookup","key":"findById","inputParameters":[{"displayName":"ID","name":"id","mappingName":"id","required":false,"type":"string"}],"outputParameters":[],"config":{},"type":"lookup"},{"name":"Create","key":"create","inputParameters":[{"displayName":"ID","name":"id","mappingName":"id","required":false,"type":"string"},{"displayName":"Employee Name","name":"employeeName","mappingName":"employeeName","required":false,"type":"string"},{"displayName":"Employee salary","name":"employeeSalary","mappingName":"employeeSalary","required":false,"type":"integer"},{"displayName":"Employee Id","name":"employeeId","mappingName":"employeeId","required":false,"type":"string"}],"outputParameters":[],"config":{},"type":"create"},{"name":"Update","key":"update","inputParameters":[{"displayName":"ID","name":"id","mappingName":"id","required":false,"type":"string"},{"displayName":"Employee Name","name":"employeeName","mappingName":"employeeName","required":false,"type":"string"},{"displayName":"Employee salary","name":"employeeSalary","mappingName":"employeeSalary","required":false,"type":"integer"},{"displayName":"Employee Id","name":"employeeId","mappingName":"employeeId","required":false,"type":"string"}],"outputParameters":[],"config":{},"type":"update"},{"name":"Delete","key":"delete","inputParameters":[{"displayName":"ID","name":"id","mappingName":"id","required":false,"type":"string"}],"config":{},"type":"delete"}],"lookupId":"id","columnMappings":[{"name":"id","type":"STRING","columnName":"ID"},{"name":"employeeName","type":"STRING","columnName":"NAME"},{"name":"employeeSalary","type":"INT","columnName":"SALARY"},{"name":"employeeId","type":"STRING","columnName":"EMPLOYEE_ID"}],"referencedLiquibaseModelKey":"employeeEventModelSchema1"}}