{"id":"SERVICE_DEFINITION_MODEL-7e543ced-21f1-4a1e-9b57-0492453eaaed","name":"Employee Data Source1","key":"employeeDataSource1","description":null,"tenantId":"default","editorJson":{"type":"database","tableName":"EMPLOYEE","lookupIdAutoGenerated":true,"operations":[{"name":"Lookup","key":"findById","inputParameters":[{"displayName":"ID","name":"id","mappingName":"id","required":false,"type":"string"}],"outputParameters":[],"config":{},"type":"lookup"},{"name":"Create","key":"create","inputParameters":[{"displayName":"ID","name":"id","mappingName":"id","required":false,"type":"string"},{"displayName":"Employee Name","name":"employeeName","mappingName":"employeeName","required":false,"type":"string"},{"displayName":"Employee salary","name":"employeeSalary","mappingName":"employeeSalary","required":false,"type":"integer"},{"displayName":"Employee Id","name":"employeeId","mappingName":"employeeId","required":false,"type":"string"}],"outputParameters":[],"config":{},"type":"create"},{"name":"Update","key":"update","inputParameters":[{"displayName":"ID","name":"id","mappingName":"id","required":false,"type":"string"},{"displayName":"Employee Name","name":"employeeName","mappingName":"employeeName","required":false,"type":"string"},{"displayName":"Employee salary","name":"employeeSalary","mappingName":"employeeSalary","required":false,"type":"integer"},{"displayName":"Employee Id","name":"employeeId","mappingName":"employeeId","required":false,"type":"string"}],"outputParameters":[],"config":{},"type":"update"},{"name":"Delete","key":"delete","inputParameters":[{"displayName":"ID","name":"id","mappingName":"id","required":false,"type":"string"}],"config":{},"type":"delete"}],"lookupId":"id","columnMappings":[{"name":"id","type":"STRING","columnName":"ID"},{"name":"employeeName","type":"STRING","columnName":"NAME"},{"name":"employeeSalary","type":"INT","columnName":"SALARY"}],"referencedLiquibaseModelKey":"employeeEventModelSchema"}}