{"id":"APP_MODEL-7f5de103-3d4e-42a4-a446-000327b3df28","name":"Employee Data Object Event App","key":"employeeDataObjectEventApp","description":"","editorJson":{"models":[{"id":"PROCESS_MODEL-f829fa78-de02-48ef-9c81-6a1178277db4","name":"Employee Event Process","version":6,"modelType":0,"description":"","createdBy":"admin","lastUpdatedBy":"admin","lastUpdated":"2022-03-10T14:40:27.247+00:00","key":"employeeEventProcess","tenantId":"default","tags":[]}],"cmmnModels":[{"id":"CASE_MODEL-91bf8ec1-43f8-4382-93c0-1b9de991d912","name":"Employee Event Case","version":22,"modelType":5,"description":"","createdBy":"admin","lastUpdatedBy":"admin","lastUpdated":"2022-03-11T07:47:30.089+00:00","key":"employeeEventCase","tenantId":"default","tags":[]}],"formModels":[],"dmnModels":[],"decisionServiceModels":[],"workModels":[{"id":"EVENT_MODEL-c23f583f-c49e-4553-8df8-a98a8f9fbb1b","name":"Employee Event","version":3,"modelType":17,"createdBy":"admin","lastUpdatedBy":"admin","lastUpdated":"2022-03-11T05:22:12.713+00:00","key":"employeeEvent","tenantId":"default","tags":[]},{"id":"DATA_OBJECT_MODEL-6c0c9ada-8017-49a1-bd4e-7548d0db3f67","name":"Employee Event Model","version":4,"modelType":11,"createdBy":"admin","lastUpdatedBy":"admin","lastUpdated":"2022-03-11T05:59:46.505+00:00","key":"employeeEventModel","tenantId":"default","tags":[]},{"id":"LIQUIBASE_CHANGELOG_MODEL-2e1a625f-922a-4837-ac7c-faf64ba6a10d","name":"Employee Event Model Schema","version":1,"modelType":14,"createdBy":"admin","lastUpdatedBy":"admin","lastUpdated":"2022-03-11T05:19:22.997+00:00","key":"employeeEventModelSchema","tenantId":"default","tags":[]},{"id":"SERVICE_DEFINITION_MODEL-6482260d-5457-48fd-9c6b-4b5f4280d6dd","name":"Employee Event Data Source1","version":1,"modelType":13,"createdBy":"admin","lastUpdatedBy":"admin","lastUpdated":"2022-03-11T06:01:01.458+00:00","key":"employeeEventDataSource1","tenantId":"default","tags":[]},{"id":"LIQUIBASE_CHANGELOG_MODEL-5337b1ac-0d11-418c-97a3-16d173bbb5d6","name":"Employee Event Model Schema1","version":1,"modelType":14,"createdBy":"admin","lastUpdatedBy":"admin","lastUpdated":"2022-03-11T06:01:01.436+00:00","key":"employeeEventModelSchema1","tenantId":"default","tags":[]}],"linkedModels":[],"pages":[],"theme":"theme-1","icon":"glyphicon-asterisk","flowApp":false,"i18n":{}}}